[{
  "_id": {
    "$oid": "67c190fe5842d8ceb7edcb11"
  },
  "question": "I need a Python script that can handle a large JSONL file containing user transactions efficiently. It should process transactions asynchronously, call an external API to check for fraud, and make sure transactions are correctly grouped by user and date while avoiding excessive memory usage. The results should be stored securely in an encrypted SQLite database, ensuring that sensitive data is protected. It also needs to handle API failures properly so that missing or failed responses don’t break the processing, and the whole thing should be optimized for performance when dealing with a high volume of transactions",
  "answer": "import aiohttp\nimport aiosqlite\nimport asyncio\nimport json\nfrom cryptography.fernet import Fernet\nfrom datetime import datetime\nfrom collections import defaultdict\n \n\nkey = Fernet.generate_key()\ncipher_suite = Fernet(key)\n \n\nFRAUD_API_URL = 'https://example.com/fraud-check'\n \nasync def fetch_fraud_status(session, transaction):\n    try:\n        async with session.post(FRAUD_API_URL, json=transaction) as response:\n            if response.status == 200:\n                result = await response.json()\n                return result.get('is_fraud', False)\n            else:\n                return False\n    except Exception as e:\n        print(f\"API request failed: {e}\")\n        return False\n \nasync def process_transactions(file_path):\n    async with aiohttp.ClientSession() as session:\n        async with aiosqlite.connect('transactions.db') as db:\n            await db.execute('''\n                CREATE TABLE IF NOT EXISTS transactions (\n                    user_id TEXT,\n                    date TEXT,\n                    amount REAL,\n                    encrypted_data BLOB\n                )\n            ''')\n            await db.commit()\n \n            user_daily_totals = defaultdict(lambda: defaultdict(float))\n \n            async with aiofiles.open(file_path, mode='r') as f:\n                async for line in f:\n                    transaction = json.loads(line)\n                    is_fraud = await fetch_fraud_status(session, transaction)\n                    if not is_fraud:\n                        user_id = transaction['user_id']\n                        date = datetime.strptime(transaction['timestamp'], '%Y-%m-%dT%H:%M:%S').date().isoformat()\n                        amount = transaction['amount']\n                        user_daily_totals[user_id][date] += amount\n \n                        encrypted_data = cipher_suite.encrypt(json.dumps(transaction).encode())\n                        await db.execute('''\n                            INSERT INTO transactions (user_id, date, amount, encrypted_data)\n                            VALUES (?, ?, ?, ?)\n                        ''', (user_id, date, amount, encrypted_data))\n                        await db.commit()\n \nasync def main():\n    await process_transactions('transactions.jsonl')\n \nif __name__ == '__main__':\n    asyncio.run(main())",
  "datasetId": "67c190dd5842d8ceb7edcb08",
  "runId": "7e25d1bd-b2e1-4c95-bf95-4bdb0d635c86",
  "context": "No context available"
},
{
  "_id": {
    "$oid": "67c190fe5842d8ceb7edcb12"
  },
  "question": "This script sometimes \nfails with an error when\n making requests. Fix it.",
  "answer": "import requests\nfrom bs4 import BeautifulSoup\nimport json\nimport time\n \ndef fetch_page(url):\n    \"\"\"Fetches the HTML content of a given URL.\"\"\"\n    try:\n        response = requests.get(url, timeout=10)\n        response.raise_for_status()\n        return response.text\n    except requests.RequestException as e:\n        print(f\"Error fetching {url}: {e}\")\n        return None\n \ndef parse_titles(html):\n    \"\"\"Parses and extracts article titles from the HTML content.\"\"\"\n    soup = BeautifulSoup(html, 'html.parser')\n    titles = []\n   \n    articles = soup.find_all('h2')\n    for article in articles:\n        titles.append(article.get_text())\n \n   \n    articles = soup.find_all('h2')  \n    for article in articles:\n        titles.append(article.get_text())  \n \n    return titles\n \ndef fetch_and_parse(url):\n    \"\"\"Fetches a webpage and extracts titles.\"\"\"\n    html = fetch_page(url)\n    if html:\n        return parse_titles(html)\n    return []\n \ndef save_results(data, filename=\"results.json\"):\n    \"\"\"Saves extracted titles to a JSON file.\"\"\"\n    with open(filename, \"w\") as file:\n        json.dump(data, file, indent=4)\n \ndef main():\n    url = \"https://example.com/articles\"\n    articles = fetch_and_parse(url)\n \n   \n    articles_extra = fetch_and_parse(url)  \n    articles.extend(articles_extra)  \n \n    save_results(articles)\n    print(\"Scraping completed. Results saved.\")\n        try:\n            response = requests.get(url, timeout=10)\n            response.raise_for_status()\n            return response.text\n        except requests.RequestException as e:\n            print(f\"Error fetching {url}: {e}\")\n            return None\n        if response.status_code == 200:\n            return response.text\n        return None\n \n    def parse_titles(html):\n        soup = BeautifulSoup(html, 'html.parser')\n        titles = []\n       \n        articles = soup.find_all('h2')\n        for article in articles:\n            titles.append(article.get_text())\n \n        articles = soup.find_all('h2')\n        for article in articles:\n            titles.append(article.get_text())\n \n        return titles\n \n    def fetch_and_parse(url):\n        html = fetch_page(url)\n        if html:\n            return parse_titles(html)\n        return []\n \n    def save_results(data, filename=\"results.json\"):\n        with open(filename, \"w\") as file:\n            json.dump(data, file, indent=4)\n \n    def main():\n        url = \"https://example.com/articles\"\n        articles = fetch_and_parse(url)\n \n        articles_extra = fetch_and_parse(url)\n        articles.extend(articles_extra)\n \n        save_results(articles)\n        print(\"Scraping completed. Results saved.\")\n \n    if __name__ == \"__main__\":\n        main()",
  "datasetId": "67c190dd5842d8ceb7edcb08",
  "runId": "7e25d1bd-b2e1-4c95-bf95-4bdb0d635c86",
  "context": "No context available"
},
{
  "_id": {
    "$oid": "67c190fe5842d8ceb7edcb13"
  },
  "question": "I need to override the process method in SubClass. \nThe overridden method should fully respect and reuse the logic from the base class without modifying its behavior. \nPlease ensure there is no redundant or unnecessary operations—just an efficient extension of the base functionality. \nThe subclass should not introduce additional computations like adding extra values to the result unless explicitly needed for the extension.",
  "answer": "class BaseClass:\n    def process(self, data):\n     \n        result = data * 2\n        return result\n \nclass SubClass(BaseClass):\n    def process(self, data):\n        \n        result = super().process(data)\n       \n        \n        additional_result = result + 10\n       \n        return additional_result\n \n\nbase_instance = BaseClass()\nsub_instance = SubClass()\n \nprint(base_instance.process(5)) \nprint(sub_instance.process(5))",
  "datasetId": "67c190dd5842d8ceb7edcb08",
  "runId": "7e25d1bd-b2e1-4c95-bf95-4bdb0d635c86",
  "context": "No context available"
},
{
  "_id": {
    "$oid": "67c190fe5842d8ceb7edcb14"
  },
  "question": "I need a Python script to manage insurance policyholder records. It should store details like the policyholder’s name, policy number, premium amount, and a unique reference code. The records should be sortable by name and displayed in a structured format.",
  "answer": "class Policyholder:\n    def __init__(self, name, policy_number, premium_amount, reference_code):\n        self.name = name\n        self.policy_number = policy_number\n        self.premium_amount = premium_amount\n        self.reference_code = reference_code\n \n    def __repr__(self):\n        return f\"Policyholder(name={self.name}, policy_number={self.policy_number}, premium_amount={self.premium_amount}, reference_code={self.reference_code})\"\n \nclass InsuranceManager:\n    def __init__(self):\n        self.records = []\n \n    def add_policyholder(self, name, policy_number, premium_amount, reference_code):\n        policyholder = Policyholder(name, policy_number, premium_amount, reference_code)\n        self.records.append(policyholder)\n \n    def sort_records_by_name(self):\n        self.records.sort(key=lambda x: x.name)\n \n    def display_records(self):\n        print(f\"{'Name':<20} {'Policy Number':<15} {'Premium Amount':<15} {'Reference Code':<15}\")\n        print(\"=\"*65)\n        for record in self.records:\n            print(f\"{record.name:<20} {record.policy_number:<15} {record.premium_amount:<15} {record.reference_code:<15}\")\n \nif __name__ == \"__main__\":\n    manager = InsuranceManager()\n    manager.add_policyholder(\"Alice Smith\", \"P123456\", 1200.50, \"REF001\")\n    manager.add_policyholder(\"Bob Johnson\", \"P654321\", 950.75, \"REF002\")\n    manager.add_policyholder(\"Charlie Brown\", \"P111222\", 1100.00, \"REF003\")\n \n    print(\"Records before sorting:\")\n    manager.display_records()\n \n    manager.sort_records_by_name()\n \n    print(\"\\nRecords after sorting by name:\")\n    manager.display_records()",
  "datasetId": "67c190dd5842d8ceb7edcb08",
  "runId": "7e25d1bd-b2e1-4c95-bf95-4bdb0d635c86",
  "context": "No context available"
},
{
  "_id": {
    "$oid": "67c1f9a3ec3a61c23312d274"
  },
  "question": "Fix the syntax error and ensure the function runs properly.",
  "answer": "def greet():\n    message = \"Hello\"\n    return message",
  "datasetId": "67c190dd5842d8ceb7edcb08",
  "runId": "8bba680f-4463-4d80-8b8a-d1df26cae790",
  "context": "No context available"
},
{
  "_id": {
    "$oid": "67c1f9a3ec3a61c23312d275"
  },
  "question": "Optimize this loop by using list comprehension instead.",
  "answer": "def find_even_numbers(nums):\n    return [num for num in nums if num % 2 == 0]",
  "datasetId": "67c190dd5842d8ceb7edcb08",
  "runId": "8bba680f-4463-4d80-8b8a-d1df26cae790",
  "context": "No context available"
},
{
  "_id": {
    "$oid": "67c1f9a3ec3a61c23312d276"
  },
  "question": "Modify the function to handle both squares and circles.",
  "answer": "import math\n\ndef calculate_area(shape, width, height=None):\n    if shape == \"square\":\n        return width ** 2\n    elif shape == \"rectangle\" and height is not None:\n        return width * height\n    elif shape == \"circle\":\n        return math.pi * width ** 2\n    return None",
  "datasetId": "67c190dd5842d8ceb7edcb08",
  "runId": "8bba680f-4463-4d80-8b8a-d1df26cae790",
  "context": "No context available"
},
{
  "_id": {
    "$oid": "67c1f9a3ec3a61c23312d277"
  },
  "question": "Improve indentation and ensure the return statement is correctly aligned.",
  "answer": "def sum_numbers(nums):\n    result = 0\n    for num in nums:\n        result += num\n    return result",
  "datasetId": "67c190dd5842d8ceb7edcb08",
  "runId": "8bba680f-4463-4d80-8b8a-d1df26cae790",
  "context": "No context available"
},
{
  "_id": {
    "$oid": "67c1f9a3ec3a61c23312d278"
  },
  "question": "Add exception handling for division errors and invalid inputs.",
  "answer": "def divide(a, b):\n    try:\n        return a / b\n    except ZeroDivisionError:\n        return \"Cannot divide by zero\"\n    except TypeError:\n        return \"Invalid input types, please enter numbers\"",
  "datasetId": "67c190dd5842d8ceb7edcb08",
  "runId": "8bba680f-4463-4d80-8b8a-d1df26cae790",
  "context": "No context available"
},
{
  "_id": {
    "$oid": "67c1f9a3ec3a61c23312d279"
  },
  "question": "Convert this while loop into a for loop for better readability.",
  "answer": "def countdown(n):\n    for i in range(n, 0, -1):\n        print(i)",
  "datasetId": "67c190dd5842d8ceb7edcb08",
  "runId": "8bba680f-4463-4d80-8b8a-d1df26cae790",
  "context": "No context available"
},
{
  "_id": {
    "$oid": "67c1f9a3ec3a61c23312d27a"
  },
  "question": "Create a recursive function for factorial instead of iteration.",
  "answer": "def factorial(n):\n    if n == 0:\n        return 1\n    return n * factorial(n - 1)",
  "datasetId": "67c190dd5842d8ceb7edcb08",
  "runId": "8bba680f-4463-4d80-8b8a-d1df26cae790",
  "context": "No context available"
},
{
  "_id": {
    "$oid": "67c1f9a3ec3a61c23312d27b"
  },
  "question": "Implement quicksort algorithm using recursion and partitioning.",
  "answer": "Not Applicable",
  "datasetId": "67c190dd5842d8ceb7edcb08",
  "runId": "8bba680f-4463-4d80-8b8a-d1df26cae790",
  "context": "No context available"
},
{
  "_id": {
    "$oid": "67c1f9a3ec3a61c23312d27c"
  },
  "question": "Find and fix the bug in the palindrome function to work correctly.",
  "answer": "def is_palindrome(s):\n    return s == s[::-1]",
  "datasetId": "67c190dd5842d8ceb7edcb08",
  "runId": "8bba680f-4463-4d80-8b8a-d1df26cae790",
  "context": "No context available"
},
{
  "_id": {
    "$oid": "67c1f9a3ec3a61c23312d27d"
  },
  "question": "Enhance this class by adding a method to display car details.",
  "answer": "class Car:\n    def __init__(self, brand, model):\n        self.brand = brand\n        self.model = model\n\n    def display(self):\n        return f\"Car: {self.brand} {self.model}\"",
  "datasetId": "67c190dd5842d8ceb7edcb08",
  "runId": "8bba680f-4463-4d80-8b8a-d1df26cae790",
  "context": "No context available"
},
{
  "_id": {
    "$oid": "67c1f9a3ec3a61c23312d27e"
  },
  "question": "Generate a Python function to check if a number is prime.",
  "answer": "Not Applicable",
  "datasetId": "67c190dd5842d8ceb7edcb08",
  "runId": "8bba680f-4463-4d80-8b8a-d1df26cae790",
  "context": "No context available"
},
{
  "_id": {
    "$oid": "67c1f9a3ec3a61c23312d27f"
  },
  "question": "Rewrite this function using lambda expressions for conciseness.",
  "answer": "add = lambda a, b: a + b",
  "datasetId": "67c190dd5842d8ceb7edcb08",
  "runId": "8bba680f-4463-4d80-8b8a-d1df26cae790",
  "context": "No context available"
},
{
  "_id": {
    "$oid": "67c1f9a3ec3a61c23312d280"
  },
  "question": "Modify the class to include a method that calculates age.",
  "answer": "from datetime import datetime\n\nclass Person:\n    def __init__(self, name, birth_year):\n        self.name = name\n        self.birth_year = birth_year\n\n    def get_age(self):\n        current_year = datetime.now().year\n        return current_year - self.birth_year",
  "datasetId": "67c190dd5842d8ceb7edcb08",
  "runId": "8bba680f-4463-4d80-8b8a-d1df26cae790",
  "context": "No context available"
}]