[{
  "_id": {
    "$oid": "67c190fe5842d8ceb7edcb16"
  },
  "question": "I need a Python script that can handle a large JSONL file containing user transactions efficiently. It should process transactions asynchronously, call an external API to check for fraud, and make sure transactions are correctly grouped by user and date while avoiding excessive memory usage. The results should be stored securely in an encrypted SQLite database, ensuring that sensitive data is protected. It also needs to handle API failures properly so that missing or failed responses don’t break the processing, and the whole thing should be optimized for performance when dealing with a high volume of transactions",
  "answer": "import aiohttp\nimport asyncio\nimport json\nimport aiosqlite\nimport os\nfrom cryptography.fernet import Fernet\nfrom datetime import datetime\nfrom aiomultiprocess import Pool\n \n\nKEY_FILE = \"secret.key\"\nif os.path.exists(KEY_FILE):\n    with open(KEY_FILE, \"rb\") as key_file:\n        key = key_file.read()\nelse:\n    key = Fernet.generate_key()\n    with open(KEY_FILE, \"wb\") as key_file:\n        key_file.write(key)\ncipher = Fernet(key)\n \n\nAPI_URL = \"https://api.example.com/check_fraud\"\n \nasync def check_fraud(transaction):\n    \"\"\"Asynchronously checks if a transaction is fraudulent using an external API.\"\"\"\n    async with aiohttp.ClientSession() as session:\n        try:\n            async with session.post(API_URL, json=transaction, timeout=5) as response:\n                if response.status == 200:\n                    data = await response.json()\n                    return data.get(\"fraudulent\", False)\n        except Exception as e:\n            print(f\"API request failed: {e}\")\n    return True  \n \nasync def process_transaction(line):\n    \"\"\"Processes a single transaction line asynchronously.\"\"\"\n    try:\n        transaction = json.loads(line)\n        if await check_fraud(transaction):\n            return None  \n \n        user_id = transaction[\"user_id\"]\n        date = datetime.strptime(transaction[\"date\"], \"%Y-%m-%d\").date().isoformat()\n        amount = transaction[\"amount\"]\n \n        return (cipher.encrypt(user_id.encode()), cipher.encrypt(date.encode()), cipher.encrypt(str(amount).encode()))\n    except Exception as e:\n        print(f\"Error processing transaction: {e}\")\n        return None\n \nasync def process_transactions(file_path):\n    \"\"\"Reads transactions from a large JSONL file asynchronously.\"\"\"\n    transactions = []\n    async with aiofiles.open(file_path, \"r\") as f:\n        async for line in f:\n            transactions.append(line)\n \n    async with Pool() as pool:\n        results = await pool.map(process_transaction, transactions)\n \n    return [r for r in results if r] \n \nasync def store_results(results):\n    \"\"\"Stores encrypted transaction results into an SQLite database.\"\"\"\n    async with aiosqlite.connect(\"transactions.db\") as db:\n        await db.execute(\"\"\"\n            CREATE TABLE IF NOT EXISTS transactions (\n                user_id BLOB, date BLOB, amount BLOB\n            )\n        \"\"\")\n        await db.execute(\"\"\"\n            CREATE TABLE IF NOT EXISTS encryption_key (\n                key BLOB\n            )\n        \"\"\")\n \n        existing_key = await db.execute_fetchone(\"SELECT key FROM encryption_key\")\n        if not existing_key:\n            await db.execute(\"INSERT INTO encryption_key (key) VALUES (?)\", (cipher.encrypt(key),))\n \n        await db.executemany(\"INSERT INTO transactions (user_id, date, amount) VALUES (?, ?, ?)\", results)\n        await db.commit()\n \nasync def main():\n    file_path = \"transactions.jsonl\"\n    results = await process_transactions(file_path)\n    await store_results(results)\n \nif __name__ == \"__main__\":\n    asyncio.run(main())",
  "datasetId": "67c190dd5842d8ceb7edcb08",
  "runId": "7e25d1bd-b2e1-4c95-bf95-4bdb0d635c86",
  "source": "Groundtruth",
  "context": "No context available"
},
{
  "_id": {
    "$oid": "67c190fe5842d8ceb7edcb17"
  },
  "question": "This script sometimes \nfails with an error when\n making requests. Fix it.",
  "answer": "import requests\nfrom bs4 import BeautifulSoup\nimport json\n \ndef fetch_page(url):\n    \"\"\"Fetches the HTML content of a given URL with proper error handling.\"\"\"\n    try:\n        response = requests.get(url, timeout=10)\n        response.raise_for_status()\n        return response.text\n    except requests.RequestException as e:\n        print(f\"Error fetching {url}: {e}\")\n        return None\n \ndef parse_titles(html):\n    \"\"\"Parses and extracts article titles from the HTML content.\"\"\"\n    soup = BeautifulSoup(html, 'html.parser')\n    return [article.get_text() for article in soup.find_all('h2')] \n \ndef fetch_and_parse(url):\n    \"\"\"Fetches a webpage and extracts titles.\"\"\"\n    html = fetch_page(url)\n    return parse_titles(html) if html else []\n \ndef save_results(data, filename=\"results.json\"):\n    \"\"\"Saves extracted titles to a JSON file.\"\"\"\n    with open(filename, \"w\") as file:\n        json.dump(data, file, indent=4)\n \ndef main():\n    url = \"https://example.com/articles\"\n    articles = fetch_and_parse(url)  \n    save_results(articles)\n    print(\"Scraping completed. Results saved.\")\n \nif __name__ == \"__main__\":\n    main()",
  "datasetId": "67c190dd5842d8ceb7edcb08",
  "runId": "7e25d1bd-b2e1-4c95-bf95-4bdb0d635c86",
  "source": "Groundtruth",
  "context": "No context available"
},
{
  "_id": {
    "$oid": "67c190fe5842d8ceb7edcb18"
  },
  "question": "I need to override the process method in SubClass. \nThe overridden method should fully respect and reuse the logic from the base class without modifying its behavior. \nPlease ensure there is no redundant or unnecessary operations—just an efficient extension of the base functionality. \nThe subclass should not introduce additional computations like adding extra values to the result unless explicitly needed for the extension.",
  "answer": "Not Applicable",
  "datasetId": "67c190dd5842d8ceb7edcb08",
  "runId": "7e25d1bd-b2e1-4c95-bf95-4bdb0d635c86",
  "source": "Groundtruth",
  "context": "No context available"
},
{
  "_id": {
    "$oid": "67c190fe5842d8ceb7edcb19"
  },
  "question": "I need a Python script to manage insurance policyholder records. It should store details like the policyholder’s name, policy number, premium amount, and a unique reference code. The records should be sortable by name and displayed in a structured format.",
  "answer": "Not Applicable",
  "datasetId": "67c190dd5842d8ceb7edcb08",
  "runId": "7e25d1bd-b2e1-4c95-bf95-4bdb0d635c86",
  "source": "Groundtruth",
  "context": "No context available"
},
{
  "_id": {
    "$oid": "67c192ac5842d8ceb7edcb39"
  },
  "datasetId": "67c190dd5842d8ceb7edcb08",
  "question": "1. \"Build a Python script to efficiently process large JSONL files of user transactions asynchronously, check fraud via API, group by user and date, and store results in an encrypted SQLite database while handling API failures and optimizing performance.\"  \n2. \"Create a Python script for processing large JSONL transaction files, ensuring fraud checks, grouping, encrypted storage, and resilience to API failures.\"  \n3. \"Develop an efficient Python script to handle large JSONL transaction files, perform fraud checks, group data, securely store in SQLite, and manage API errors.\"  \n4. \"Write a Python script to process high-volume JSONL transactions with fraud checks, user-date grouping, encrypted SQLite storage, and API failure handling.\"  \n5. \"Design a Python solution for processing large JSONL transactions, ensuring fraud checks, secure storage, and robust error handling.\"  \n6. \"Implement a Python script to asynchronously process large JSONL files, validate fraud, group transactions, securely store data, and handle API issues.\"  \n7. \"Craft a Python script to process large JSONL files, check fraud, group transactions, securely store in SQLite, and handle API failures efficiently.\"  \n8. \"Generate a Python script to manage JSONL transactions with fraud detection, grouping, encrypted storage, and robust API error handling.\"  \n9. \"Build a Python program to process large JSONL files with fraud checks, grouping, secure storage, and fail-safe API handling.\"  \n10. \"Develop an optimized Python script to process JSONL transactions, check fraud, group data, and store securely in SQLite while handling API errors.\"",
  "answer": "Not Applicable",
  "context": [
    "no context available"
  ],
  "source": "Augmented",
  "runId": "7e25d1bd-b2e1-4c95-bf95-4bdb0d635c86",
  "augmentedType": "Prompt Direct Prompt"
},
{
  "_id": {
    "$oid": "67c192ac5842d8ceb7edcb3a"
  },
  "datasetId": "67c190dd5842d8ceb7edcb08",
  "question": "I need a Python script that can efficiently handle a large JSONL file containing user transactions. The script should process transactions asynchronously to optimize performance, call an external API to check for potential fraud, and ensure transactions are correctly grouped by user and date. It must avoid excessive memory usage, even when processing a high volume of transactions. Additionally, the results should be securely stored in an encrypted SQLite database to protect sensitive user data. The script should also include robust error handling to manage API failures gracefully, ensuring that missing or failed responses do not interrupt the overall processing pipeline.\nIt should support batch processing of transactions for better performance and include configuration options for API rate limiting to avoid hitting the provider's limits. Logging should be implemented to track progress and debug issues without exposing sensitive information. Finally, the script should be modular, allowing easy updates or extensions in the future.\nHere is an example of how the script might handle an API call with error handling:\n\nimport asyncio\nimport aiohttp\n\nasync def check_fraud(transaction):\n    url = \"https://api.example.com/check_fraud\"\n    headers = {\"Authorization\": \"Bearer YOUR_API_TOKEN\"}\n    try:\n        async with aiohttp.ClientSession() as session:\n            async with session.post(url, json=transaction, headers=headers) as response:\n                if response.status == 200:\n                    result = await response.json()\n                    return result\n                else:\n                    # Log and handle non-200 responses\n                    print(f\"API error: {response.status}, {await response.text()}\")\n                    return None\n    except aiohttp.ClientError as e:\n        # Log and handle network issues or timeouts\n        print(f\"Network error: {str(e)}\")\n        return None\n\n# Example usage\nasync def main():\n    transaction = {\"user_id\": \"12345\", \"amount\": 100.0, \"date\": \"2023-10-01\"}\n    result = await check_fraud(transaction)\n    print(\"Fraud check result:\", result)\n\nasyncio.run(main())",
  "answer": "Not Applicable",
  "context": [
    "no context available"
  ],
  "source": "Augmented",
  "runId": "7e25d1bd-b2e1-4c95-bf95-4bdb0d635c86",
  "augmentedType": "Prompt Few Shot Prompt"
},
{
  "_id": {
    "$oid": "67c192ac5842d8ceb7edcb3b"
  },
  "datasetId": "67c190dd5842d8ceb7edcb08",
  "question": "Step 1: Parse the Input JSONL File - Start by reading the large JSONL file containing user transactions line by line. Use a streaming parser to avoid loading the entire file into memory at once. This ensures efficient memory usage for processing large files.\nStep 2: Validate and Sanitize Input - As each line is read, validate the structure and content of the transaction data. Remove or log any malformed or invalid entries for further inspection.\nStep 3: Group Transactions by User and Date - Organize the transactions into groups based on user ID and transaction date. Use a dictionary or similar data structure for grouping efficiently while processing the file.\nStep 4: Implement Asynchronous Processing - Leverage Python's asyncio library to enable asynchronous processing of transactions. This ensures that multiple tasks, such as calling APIs and database operations, can run concurrently.\nStep 5: Call External API for Fraud Check - For each transaction, make asynchronous API calls to the external fraud detection service. Use retry logic with exponential backoff to handle transient failures, and log any failed attempts to ensure transparency.\nStep 6: Handle API Failures Gracefully - If an API call fails, mark the transaction as 'API Check Failed' and ensure that processing continues without interruption. Maintain a detailed log of these failures for further analysis.\nStep 7: Encrypt Sensitive Data - Before storing any transaction data, ensure that all sensitive fields are encrypted. Use a robust encryption library like cryptography to secure data both in transit and at rest.\nStep 8: Store Data in an Encrypted SQLite Database - Save the processed transactions into an SQLite database. Ensure the database file is encrypted to protect sensitive data. Use tools like SQLCipher for secure encryption.\nStep 9: Optimize Database Writes - Use batch inserts and transactions to minimize the overhead of frequent writes to the SQLite database. Commit changes in bulk to enhance performance and reduce latency.\nStep 10: Monitor Memory Usage - Regularly monitor memory usage during processing to ensure the script operates within acceptable limits. Use memory profiling tools or libraries like tracemalloc to identify potential bottlenecks.\nStep 11: Implement Logging and Error Handling - Set up detailed logging for all critical operations, including file parsing, API calls, database operations, and encryption. Log errors and exceptions with sufficient detail to facilitate debugging.\nStep 12: Test for Performance and Scalability - Simulate high transaction volumes and measure the script's performance under load. Identify bottlenecks and optimize code where necessary to handle larger datasets efficiently.\nStep 13: Document the Code and Configuration - Provide clear documentation for the script, including configuration options, dependencies, and usage instructions. Ensure that any future user or developer can understand and extend the script easily.",
  "answer": "Not Applicable",
  "context": [
    "no context available"
  ],
  "source": "Augmented",
  "runId": "7e25d1bd-b2e1-4c95-bf95-4bdb0d635c86",
  "augmentedType": "Prompt Stepwise Prompt"
},
{
  "_id": {
    "$oid": "67c192ac5842d8ceb7edcb3c"
  },
  "datasetId": "67c190dd5842d8ceb7edcb08",
  "question": "Need a Python script to process large JSONL user transactions asynchronously, check fraud via API, group by user/date, use encrypted SQLite for secure storage, handle API failures, and optimize for high-volume performance.",
  "answer": "Not Applicable",
  "context": [
    "no context available"
  ],
  "source": "Augmented",
  "runId": "7e25d1bd-b2e1-4c95-bf95-4bdb0d635c86",
  "augmentedType": "Prompt Brevity"
},
{
  "_id": {
    "$oid": "67c192ac5842d8ceb7edcb3d"
  },
  "datasetId": "67c190dd5842d8ceb7edcb08",
  "question": "I need a Python script that is specifically designed to efficiently process a large JSONL (JSON Lines) file containing user transaction data. The script should be capable of handling high data volumes without excessive memory usage and must operate asynchronously to ensure smooth and fast processing. It should include functionality to call an external API for fraud detection checks on each transaction, ensuring that the processing remains accurate and robust. Additionally, the script must categorize or group transactions by both user and date, maintaining logical organization and integrity of the data.\nTo ensure data security and privacy, the results of the processing should be stored in an encrypted SQLite database, offering a secure method for handling sensitive information. The encryption should be robust to protect against unauthorized access or data breaches. The script should also include a mechanism to gracefully handle potential API failures or timeouts. If an API call fails or does not return a valid response, the processing should continue without interruption, and the missing or failed responses should be logged or flagged for review.\nFinally, the entire solution must be optimized for performance, especially given the high volume of transactions that need to be processed. This includes minimizing bottlenecks, ensuring efficient use of system resources, and enabling smooth operation under load. The script should be reliable, scalable, and maintainable to handle large-scale transaction data effectively while adhering to these requirements.",
  "answer": "Not Applicable",
  "context": [
    "no context available"
  ],
  "source": "Augmented",
  "runId": "7e25d1bd-b2e1-4c95-bf95-4bdb0d635c86",
  "augmentedType": "Prompt Verbosity"
},
{
  "_id": {
    "$oid": "67c192ac5842d8ceb7edcb3e"
  },
  "datasetId": "67c190dd5842d8ceb7edcb08",
  "question": "Me want Python script. Big JSONL file, many user transactions, yes? Need do fast, no slow. Process async, call outside API, check fraud, ok? Group transactions user, date, no use too much memory, no good. Save result, encrypt SQLite, safe data, yes. API fail? No break! Handle good, no miss response, no problem. Must fast, big transaction, high volume. You do?",
  "answer": "Not Applicable",
  "context": [
    "no context available"
  ],
  "source": "Augmented",
  "runId": "7e25d1bd-b2e1-4c95-bf95-4bdb0d635c86",
  "augmentedType": "Prompt Broken English"
},
{
  "_id": {
    "$oid": "67c192ac5842d8ceb7edcb3f"
  },
  "datasetId": "67c190dd5842d8ceb7edcb08",
  "question": "1. \"The script occasionally fails with an error during requests; fix it.\"  \n2. \"Fix the script; it sometimes errors when making requests.\"  \n3. \"Resolve the error in the script when making requests.\"  \n4. \"The script fails at times during requests; correct it.\"  \n5. \"Fix the script error that occurs during requests.\"  \n6. \"Address the script's occasional request errors.\"  \n7. \"The script errors intermittently during requests; fix it.\"  \n8. \"Correct the issue where the script fails during requests.\"  \n9. \"The script sometimes fails with errors; resolve it.\"  \n10. \"Fix occasional request errors in the script.\"",
  "answer": "import requests\nfrom bs4 import BeautifulSoup\nimport json\nimport time\n \ndef fetch_page(url):\n    \"\"\"Fetches the HTML content of a given URL.\"\"\"\n    response = requests.get(url)  \n    if response.status_code == 200:\n        return response.text\n    return None\n \ndef parse_titles(html):\n    \"\"\"Parses and extracts article titles from the HTML content.\"\"\"\n    soup = BeautifulSoup(html, 'html.parser')\n    titles = []\n    articles = soup.find_all('h2')\n    for article in articles:\n        titles.append(article.get_text())\n \n\n    articles = soup.find_all('h2')  \n    for article in articles:\n        titles.append(article.get_text())  \n \n    return titles\n \ndef fetch_and_parse(url):\n    \"\"\"Fetches a webpage and extracts titles.\"\"\"\n    html = fetch_page(url)\n    if html:\n        return parse_titles(html)\n    return []\n \ndef save_results(data, filename=\"results.json\"):\n    \"\"\"Saves extracted titles to a JSON file.\"\"\"\n    with open(filename, \"w\") as file:\n        json.dump(data, file, indent=4)\n \ndef main():\n    url = \"https://example.com/articles\"\n    articles = fetch_and_parse(url)\n \n    \n    articles_extra = fetch_and_parse(url)  \n    articles.extend(articles_extra)  \n \n    save_results(articles)\n    print(\"Scraping completed. Results saved.\")\n \nif __name__ == \"__main__\":\n    main()",
  "context": [
    "no context available"
  ],
  "source": "Augmented",
  "runId": "7e25d1bd-b2e1-4c95-bf95-4bdb0d635c86",
  "augmentedType": "Prompt Direct Prompt"
},
{
  "_id": {
    "$oid": "67c192ac5842d8ceb7edcb40"
  },
  "datasetId": "67c190dd5842d8ceb7edcb08",
  "question": "The script has been encountering intermittent failures with an error while making HTTP requests.\nPlease investigate and address the root cause to ensure consistent functionality.\nAdditionally, implement appropriate error handling mechanisms to prevent runtime crashes.\nHere's an example of how error handling might be incorporated for HTTP requests:\npython\nimport requests\ntry:\n    response = requests.get('https://example.com/api')\n    response.raise_for_status()  # Raise an exception for HTTP errors\n    data = response.json()\n    print('Data retrieved successfully:', data)\nexcept requests.exceptions.RequestException as e:\n    print('An error occurred:', e)\n\nEnsure the final implementation is robust, handles edge cases, and is thoroughly tested.",
  "answer": "import requests\nfrom bs4 import BeautifulSoup\nimport json\nimport time\n \ndef fetch_page(url):\n    \"\"\"Fetches the HTML content of a given URL.\"\"\"\n    response = requests.get(url)  \n    if response.status_code == 200:\n        return response.text\n    return None\n \ndef parse_titles(html):\n    \"\"\"Parses and extracts article titles from the HTML content.\"\"\"\n    soup = BeautifulSoup(html, 'html.parser')\n    titles = []\n    articles = soup.find_all('h2')\n    for article in articles:\n        titles.append(article.get_text())\n \n\n    articles = soup.find_all('h2')  \n    for article in articles:\n        titles.append(article.get_text())  \n \n    return titles\n \ndef fetch_and_parse(url):\n    \"\"\"Fetches a webpage and extracts titles.\"\"\"\n    html = fetch_page(url)\n    if html:\n        return parse_titles(html)\n    return []\n \ndef save_results(data, filename=\"results.json\"):\n    \"\"\"Saves extracted titles to a JSON file.\"\"\"\n    with open(filename, \"w\") as file:\n        json.dump(data, file, indent=4)\n \ndef main():\n    url = \"https://example.com/articles\"\n    articles = fetch_and_parse(url)\n \n    \n    articles_extra = fetch_and_parse(url)  \n    articles.extend(articles_extra)  \n \n    save_results(articles)\n    print(\"Scraping completed. Results saved.\")\n \nif __name__ == \"__main__\":\n    main()",
  "context": [
    "no context available"
  ],
  "source": "Augmented",
  "runId": "7e25d1bd-b2e1-4c95-bf95-4bdb0d635c86",
  "augmentedType": "Prompt Few Shot Prompt"
},
{
  "_id": {
    "$oid": "67c192ac5842d8ceb7edcb41"
  },
  "datasetId": "67c190dd5842d8ceb7edcb08",
  "question": "Step 1: Analyze the script to identify the exact circumstances under which it fails.\nStep 2: Review the error message generated when the script fails during requests.\nStep 3: Check the API endpoint or service being accessed to ensure it is available and functional.\nStep 4: Verify the input data or parameters being passed to the script are valid and correctly formatted.\nStep 5: Examine the request headers, payload, and authentication mechanism for potential issues.\nStep 6: Debug the script by running it in a controlled environment to reproduce the error consistently.\nStep 7: Inspect the network configuration or firewall rules that might block the request from being sent.\nStep 8: Cross-check the script's dependencies, libraries, and versions to ensure compatibility.\nStep 9: Implement error handling within the script to catch and log failures for deeper insights.\nStep 10: Make necessary corrections to the script logic or external configurations to resolve the issue.\nStep 11: Test the updated script thoroughly with various scenarios to confirm the fix works effectively.\nStep 12: Document the changes made and the root cause of the issue for future reference and prevention.",
  "answer": "import requests\nfrom bs4 import BeautifulSoup\nimport json\nimport time\n \ndef fetch_page(url):\n    \"\"\"Fetches the HTML content of a given URL.\"\"\"\n    response = requests.get(url)  \n    if response.status_code == 200:\n        return response.text\n    return None\n \ndef parse_titles(html):\n    \"\"\"Parses and extracts article titles from the HTML content.\"\"\"\n    soup = BeautifulSoup(html, 'html.parser')\n    titles = []\n    articles = soup.find_all('h2')\n    for article in articles:\n        titles.append(article.get_text())\n \n\n    articles = soup.find_all('h2')  \n    for article in articles:\n        titles.append(article.get_text())  \n \n    return titles\n \ndef fetch_and_parse(url):\n    \"\"\"Fetches a webpage and extracts titles.\"\"\"\n    html = fetch_page(url)\n    if html:\n        return parse_titles(html)\n    return []\n \ndef save_results(data, filename=\"results.json\"):\n    \"\"\"Saves extracted titles to a JSON file.\"\"\"\n    with open(filename, \"w\") as file:\n        json.dump(data, file, indent=4)\n \ndef main():\n    url = \"https://example.com/articles\"\n    articles = fetch_and_parse(url)\n \n    \n    articles_extra = fetch_and_parse(url)  \n    articles.extend(articles_extra)  \n \n    save_results(articles)\n    print(\"Scraping completed. Results saved.\")\n \nif __name__ == \"__main__\":\n    main()",
  "context": [
    "no context available"
  ],
  "source": "Augmented",
  "runId": "7e25d1bd-b2e1-4c95-bf95-4bdb0d635c86",
  "augmentedType": "Prompt Stepwise Prompt"
},
{
  "_id": {
    "$oid": "67c192ac5842d8ceb7edcb42"
  },
  "datasetId": "67c190dd5842d8ceb7edcb08",
  "question": "Script errors on requests.\nFix it.",
  "answer": "import requests\nfrom bs4 import BeautifulSoup\nimport json\nimport time\n \ndef fetch_page(url):\n    \"\"\"Fetches the HTML content of a given URL.\"\"\"\n    response = requests.get(url)  \n    if response.status_code == 200:\n        return response.text\n    return None\n \ndef parse_titles(html):\n    \"\"\"Parses and extracts article titles from the HTML content.\"\"\"\n    soup = BeautifulSoup(html, 'html.parser')\n    titles = []\n    articles = soup.find_all('h2')\n    for article in articles:\n        titles.append(article.get_text())\n \n\n    articles = soup.find_all('h2')  \n    for article in articles:\n        titles.append(article.get_text())  \n \n    return titles\n \ndef fetch_and_parse(url):\n    \"\"\"Fetches a webpage and extracts titles.\"\"\"\n    html = fetch_page(url)\n    if html:\n        return parse_titles(html)\n    return []\n \ndef save_results(data, filename=\"results.json\"):\n    \"\"\"Saves extracted titles to a JSON file.\"\"\"\n    with open(filename, \"w\") as file:\n        json.dump(data, file, indent=4)\n \ndef main():\n    url = \"https://example.com/articles\"\n    articles = fetch_and_parse(url)\n \n    \n    articles_extra = fetch_and_parse(url)  \n    articles.extend(articles_extra)  \n \n    save_results(articles)\n    print(\"Scraping completed. Results saved.\")\n \nif __name__ == \"__main__\":\n    main()",
  "context": [
    "no context available"
  ],
  "source": "Augmented",
  "runId": "7e25d1bd-b2e1-4c95-bf95-4bdb0d635c86",
  "augmentedType": "Prompt Brevity"
},
{
  "_id": {
    "$oid": "67c192ac5842d8ceb7edcb43"
  },
  "datasetId": "67c190dd5842d8ceb7edcb08",
  "question": "We have observed an issue with the script where it occasionally fails unexpectedly,\nthrowing an error specifically during the process of making requests to external systems or services.\nCould you thoroughly investigate this problem, identify the root cause of the failure, and implement the necessary fixes to ensure the script operates reliably and consistently under all conditions?",
  "answer": "import requests\nfrom bs4 import BeautifulSoup\nimport json\nimport time\n \ndef fetch_page(url):\n    \"\"\"Fetches the HTML content of a given URL.\"\"\"\n    response = requests.get(url)  \n    if response.status_code == 200:\n        return response.text\n    return None\n \ndef parse_titles(html):\n    \"\"\"Parses and extracts article titles from the HTML content.\"\"\"\n    soup = BeautifulSoup(html, 'html.parser')\n    titles = []\n    articles = soup.find_all('h2')\n    for article in articles:\n        titles.append(article.get_text())\n \n\n    articles = soup.find_all('h2')  \n    for article in articles:\n        titles.append(article.get_text())  \n \n    return titles\n \ndef fetch_and_parse(url):\n    \"\"\"Fetches a webpage and extracts titles.\"\"\"\n    html = fetch_page(url)\n    if html:\n        return parse_titles(html)\n    return []\n \ndef save_results(data, filename=\"results.json\"):\n    \"\"\"Saves extracted titles to a JSON file.\"\"\"\n    with open(filename, \"w\") as file:\n        json.dump(data, file, indent=4)\n \ndef main():\n    url = \"https://example.com/articles\"\n    articles = fetch_and_parse(url)\n \n    \n    articles_extra = fetch_and_parse(url)  \n    articles.extend(articles_extra)  \n \n    save_results(articles)\n    print(\"Scraping completed. Results saved.\")\n \nif __name__ == \"__main__\":\n    main()",
  "context": [
    "no context available"
  ],
  "source": "Augmented",
  "runId": "7e25d1bd-b2e1-4c95-bf95-4bdb0d635c86",
  "augmentedType": "Prompt Verbosity"
},
{
  "_id": {
    "$oid": "67c192ac5842d8ceb7edcb44"
  },
  "datasetId": "67c190dd5842d8ceb7edcb08",
  "question": "This script time time\nerror come when ask\nyou fix it please.",
  "answer": "import requests\nfrom bs4 import BeautifulSoup\nimport json\nimport time\n \ndef fetch_page(url):\n    \"\"\"Fetches the HTML content of a given URL.\"\"\"\n    response = requests.get(url)  \n    if response.status_code == 200:\n        return response.text\n    return None\n \ndef parse_titles(html):\n    \"\"\"Parses and extracts article titles from the HTML content.\"\"\"\n    soup = BeautifulSoup(html, 'html.parser')\n    titles = []\n    articles = soup.find_all('h2')\n    for article in articles:\n        titles.append(article.get_text())\n \n\n    articles = soup.find_all('h2')  \n    for article in articles:\n        titles.append(article.get_text())  \n \n    return titles\n \ndef fetch_and_parse(url):\n    \"\"\"Fetches a webpage and extracts titles.\"\"\"\n    html = fetch_page(url)\n    if html:\n        return parse_titles(html)\n    return []\n \ndef save_results(data, filename=\"results.json\"):\n    \"\"\"Saves extracted titles to a JSON file.\"\"\"\n    with open(filename, \"w\") as file:\n        json.dump(data, file, indent=4)\n \ndef main():\n    url = \"https://example.com/articles\"\n    articles = fetch_and_parse(url)\n \n    \n    articles_extra = fetch_and_parse(url)  \n    articles.extend(articles_extra)  \n \n    save_results(articles)\n    print(\"Scraping completed. Results saved.\")\n \nif __name__ == \"__main__\":\n    main()",
  "context": [
    "no context available"
  ],
  "source": "Augmented",
  "runId": "7e25d1bd-b2e1-4c95-bf95-4bdb0d635c86",
  "augmentedType": "Prompt Broken English"
},
{
  "_id": {
    "$oid": "67c192ac5842d8ceb7edcb45"
  },
  "datasetId": "67c190dd5842d8ceb7edcb08",
  "question": "1. \"Override the process method in SubClass.\"  \n2. \"Ensure the overridden method reuses base class logic without altering behavior.\"  \n3. \"Avoid redundant operations; make the extension efficient.\"  \n4. \"Do not add extra computations unless explicitly required.\"",
  "answer": "Not Applicable",
  "context": [
    "no context available"
  ],
  "source": "Augmented",
  "runId": "7e25d1bd-b2e1-4c95-bf95-4bdb0d635c86",
  "augmentedType": "Prompt Direct Prompt"
},
{
  "_id": {
    "$oid": "67c192ac5842d8ceb7edcb46"
  },
  "datasetId": "67c190dd5842d8ceb7edcb08",
  "question": "I need to override the process method in SubClass while adhering to best practices.\nThe overridden method must fully respect and reuse the logic from the base class without altering its original behavior or intent.\nPlease ensure that there are no redundant or unnecessary operations—prioritize an efficient and clean extension of the base functionality.\nThe SubClass should not introduce additional computations or changes, such as modifying or adding extra values to the result, unless explicitly required as part of the extension.\nAdditionally, ensure that the overridden method follows proper exception handling, if applicable, to maintain robustness.\nDocument the overridden method appropriately to clarify how the base logic is being reused and what specific extensions are added in the subclass.\nInclude a unit test to verify that the SubClass method behaves as expected, ensuring it respects the base class logic and fulfills the extension requirements.",
  "answer": "Not Applicable",
  "context": [
    "no context available"
  ],
  "source": "Augmented",
  "runId": "7e25d1bd-b2e1-4c95-bf95-4bdb0d635c86",
  "augmentedType": "Prompt Few Shot Prompt"
},
{
  "_id": {
    "$oid": "67c192ac5842d8ceb7edcb47"
  },
  "datasetId": "67c190dd5842d8ceb7edcb08",
  "question": "Step 1: Begin by creating a subclass that will override the 'process' method from the base class.\nStep 2: Inside the subclass, define the overridden 'process' method, ensuring that it has the same signature as the base class method.\nStep 3: Within the overridden method, start by invoking the 'process' method of the base class using 'super().process()' or equivalent, depending on your programming language.\nStep 4: Capture the result or output from the base class's 'process' method to ensure you can reuse it in the subclass implementation.\nStep 5: Avoid modifying the core behavior of the base class's 'process' method. Ensure the logic is respected and seamlessly integrated into the subclass.\nStep 6: Implement only the additional functionality required for the subclass, avoiding redundant or unnecessary operations.\nStep 7: Validate that the overridden method does not introduce additional computations, such as altering return values, unless explicitly necessary for the subclass's intended functionality.\nStep 8: Ensure the overridden method's behavior aligns with the original intent of extending functionality efficiently without compromising the base logic.\nStep 9: Test the subclass's 'process' method thoroughly to confirm that it respects the base class's logic and adds the required enhancements without introducing side effects.\nStep 10: Document the implementation details of the subclass, emphasizing the efficient reuse of the base class's logic and the precise purpose of the extensions made.",
  "answer": "Not Applicable",
  "context": [
    "no context available"
  ],
  "source": "Augmented",
  "runId": "7e25d1bd-b2e1-4c95-bf95-4bdb0d635c86",
  "augmentedType": "Prompt Stepwise Prompt"
},
{
  "_id": {
    "$oid": "67c192ac5842d8ceb7edcb48"
  },
  "datasetId": "67c190dd5842d8ceb7edcb08",
  "question": "Override SubClass's process method.\nReuse base class logic without altering behavior.\nEnsure no redundancy; keep it efficient.\nAvoid extra computations unless essential.",
  "answer": "Not Applicable",
  "context": [
    "no context available"
  ],
  "source": "Augmented",
  "runId": "7e25d1bd-b2e1-4c95-bf95-4bdb0d635c86",
  "augmentedType": "Prompt Brevity"
},
{
  "_id": {
    "$oid": "67c192ac5842d8ceb7edcb49"
  },
  "datasetId": "67c190dd5842d8ceb7edcb08",
  "question": "I would like to override the process method in the SubClass, ensuring that it builds upon the functionality provided by the base class.\nWhen overriding, it is important that the new implementation fully respects and reuses the logic encapsulated in the base class's method without altering its original behavior or intent.\nPlease take care to avoid introducing any redundant or unnecessary operations. The goal is to achieve an efficient and seamless extension of the base class's existing functionality.\nFurthermore, the SubClass's implementation should not introduce any additional computations, such as adding extra values or altering the result, unless such operations are explicitly required to achieve the intended extension.",
  "answer": "Not Applicable",
  "context": [
    "no context available"
  ],
  "source": "Augmented",
  "runId": "7e25d1bd-b2e1-4c95-bf95-4bdb0d635c86",
  "augmentedType": "Prompt Verbosity"
},
{
  "_id": {
    "$oid": "67c192ac5842d8ceb7edcb4a"
  },
  "datasetId": "67c190dd5842d8ceb7edcb08",
  "question": "I need make change thing for process in SubClass.\nChange thing must do same same like base class, no break, no change how base do work.\nPlease no do extra thing not need—just make good add to base work, no waste.\nSubClass no add extra math or thing to result, only if must for making better.",
  "answer": "Not Applicable",
  "context": [
    "no context available"
  ],
  "source": "Augmented",
  "runId": "7e25d1bd-b2e1-4c95-bf95-4bdb0d635c86",
  "augmentedType": "Prompt Broken English"
},
{
  "_id": {
    "$oid": "67c192ac5842d8ceb7edcb4b"
  },
  "datasetId": "67c190dd5842d8ceb7edcb08",
  "question": "1. \"Create a Python script to manage insurance records with fields like name, policy number, premium, and unique reference, sortable by name.\"  \n2. \"Develop a Python program to handle insurance policyholder details, including name, policy number, premium, and reference code, with sorting by name.\"  \n3. \"Write a Python script to store and sort insurance records by name, including policyholder name, policy number, premium, and a unique reference.\"  \n4. \"Design a Python tool to manage insurance data—policyholder name, policy number, premium, and unique code—sortable by name.\"  \n5. \"Build a Python script to manage and display insurance records with fields like name, policy number, premium, and unique ID, sortable by name.\"",
  "answer": "Not Applicable",
  "context": [
    "no context available"
  ],
  "source": "Augmented",
  "runId": "7e25d1bd-b2e1-4c95-bf95-4bdb0d635c86",
  "augmentedType": "Prompt Direct Prompt"
},
{
  "_id": {
    "$oid": "67c192ac5842d8ceb7edcb4c"
  },
  "datasetId": "67c190dd5842d8ceb7edcb08",
  "question": "I need a Python script to manage insurance policyholder records. It should store details like the policyholder’s name, policy number, premium amount, and a unique reference code.\nThe records should be sortable by the policyholder’s name and policy number, and they should be displayed in a structured and readable tabular format for better visualization.\nAdditionally, the script should allow adding, updating, and deleting records dynamically, and it should ensure that all unique reference codes are automatically generated to avoid duplication.\nI also want the ability to search for records based on the policyholder’s name or policy number for quick access.\nFinally, include basic error handling to manage invalid inputs and ensure the script is well-documented for easier maintenance.",
  "answer": "Not Applicable",
  "context": [
    "no context available"
  ],
  "source": "Augmented",
  "runId": "7e25d1bd-b2e1-4c95-bf95-4bdb0d635c86",
  "augmentedType": "Prompt Few Shot Prompt"
},
{
  "_id": {
    "$oid": "67c192ac5842d8ceb7edcb4d"
  },
  "datasetId": "67c190dd5842d8ceb7edcb08",
  "question": "Step 1: Start by creating a new Python script file. Name it appropriately, such as 'insurance_records_manager.py'.\nStep 2: Define the data structure for storing policyholder records. Use a list of dictionaries where each dictionary represents a policyholder's details.\nStep 3: Implement a function to add a new policyholder record. The function should accept inputs for the policyholder’s name, policy number, premium amount, and a unique reference code. Validate the inputs for correct data types and completeness before storing them in the list.\nStep 4: Create another function to sort the policyholder records by name. Use Python's built-in 'sorted()' function and set the 'key' parameter to the 'name' field in each dictionary. Ensure the sorting is case-insensitive for consistency.\nStep 5: Implement a function to display the records in a structured format. Use string formatting or the 'tabulate' module to present the records in a clean table format with headers for each field.\nStep 6: Add a menu-driven interface to the script. This should allow users to perform actions such as adding a record, sorting the records by name, and displaying the records. Use a 'while' loop to keep the menu active until the user chooses to exit.\nStep 7: Include proper error handling mechanisms. For example, catch exceptions for invalid input types, and handle scenarios where the user tries to sort or display records when the list is empty.\nStep 8: Add comments and docstrings to your code to ensure it is well-documented. This will help users and developers understand the purpose of each function and how the script operates.\nStep 9: Test the script extensively by adding multiple policyholder records with varying details. Check for correct sorting, proper validation, and clear display output.\nStep 10: Once testing is complete, package the script for deployment. Ensure it is ready to be run as a standalone program by adding a '__main__' block at the end of the script to initialize the menu interface.",
  "answer": "Not Applicable",
  "context": [
    "no context available"
  ],
  "source": "Augmented",
  "runId": "7e25d1bd-b2e1-4c95-bf95-4bdb0d635c86",
  "augmentedType": "Prompt Stepwise Prompt"
},
{
  "_id": {
    "$oid": "67c192ac5842d8ceb7edcb4e"
  },
  "datasetId": "67c190dd5842d8ceb7edcb08",
  "question": "Create a Python script to manage insurance records: name, policy number, premium, reference code; sortable by name, structured display.",
  "answer": "Not Applicable",
  "context": [
    "no context available"
  ],
  "source": "Augmented",
  "runId": "7e25d1bd-b2e1-4c95-bf95-4bdb0d635c86",
  "augmentedType": "Prompt Brevity"
},
{
  "_id": {
    "$oid": "67c192ac5842d8ceb7edcb4f"
  },
  "datasetId": "67c190dd5842d8ceb7edcb08",
  "question": "Hello, I am looking for assistance in creating a Python script designed specifically for managing records related to insurance policyholders. The script should be capable of efficiently storing and organizing crucial details about each policyholder, including their full name, a unique policy number assigned to them, the premium amount they are required to pay, and a distinct reference code to uniquely identify each record. It is essential that the stored records can be sorted systematically based on the policyholder's name to enable easier navigation and retrieval of data. Furthermore, the script should ensure that the records are displayed in a well-structured, readable format, making it straightforward to review and interpret the information at a glance. Please ensure that the solution is robust, user-friendly, and meets these specifications comprehensively.",
  "answer": "Not Applicable",
  "context": [
    "no context available"
  ],
  "source": "Augmented",
  "runId": "7e25d1bd-b2e1-4c95-bf95-4bdb0d635c86",
  "augmentedType": "Prompt Verbosity"
},
{
  "_id": {
    "$oid": "67c192ac5842d8ceb7edcb50"
  },
  "datasetId": "67c190dd5842d8ceb7edcb08",
  "question": "I want Python code, for keep, umm... people insurance detail. Need name, number policy, money pay, and... uhh... one code only for each. Can make sort by name, and... show nice look, yes?",
  "answer": "Not Applicable",
  "context": [
    "no context available"
  ],
  "source": "Augmented",
  "runId": "7e25d1bd-b2e1-4c95-bf95-4bdb0d635c86",
  "augmentedType": "Prompt Broken English"
},
{
  "_id": {
    "$oid": "67c1f9a3ec3a61c23312d282"
  },
  "question": "Fix the syntax error and ensure the function runs properly.",
  "answer": "def greet():\n    message = \"Hello\"\n    return message",
  "datasetId": "67c190dd5842d8ceb7edcb08",
  "runId": "8bba680f-4463-4d80-8b8a-d1df26cae790",
  "source": "Groundtruth",
  "context": "No context available"
},
{
  "_id": {
    "$oid": "67c1f9a3ec3a61c23312d283"
  },
  "question": "Optimize this loop by using list comprehension instead.",
  "answer": "def find_even_numbers(nums):\n    return [num for num in nums if num % 2 == 0]",
  "datasetId": "67c190dd5842d8ceb7edcb08",
  "runId": "8bba680f-4463-4d80-8b8a-d1df26cae790",
  "source": "Groundtruth",
  "context": "No context available"
},
{
  "_id": {
    "$oid": "67c1f9a3ec3a61c23312d284"
  },
  "question": "Modify the function to handle both squares and circles.",
  "answer": "import math\n\ndef calculate_area(shape, width, height=None):\n    if shape == \"square\":\n        return width ** 2\n    elif shape == \"rectangle\" and height is not None:\n        return width * height\n    elif shape == \"circle\":\n        return math.pi * width ** 2\n    return None",
  "datasetId": "67c190dd5842d8ceb7edcb08",
  "runId": "8bba680f-4463-4d80-8b8a-d1df26cae790",
  "source": "Groundtruth",
  "context": "No context available"
},
{
  "_id": {
    "$oid": "67c1f9a3ec3a61c23312d285"
  },
  "question": "Improve indentation and ensure the return statement is correctly aligned.",
  "answer": "def sum_numbers(nums):\n    result = 0\n    for num in nums:\n        result += num\n    return result",
  "datasetId": "67c190dd5842d8ceb7edcb08",
  "runId": "8bba680f-4463-4d80-8b8a-d1df26cae790",
  "source": "Groundtruth",
  "context": "No context available"
},
{
  "_id": {
    "$oid": "67c1f9a3ec3a61c23312d286"
  },
  "question": "Add exception handling for division errors and invalid inputs.",
  "answer": "def divide(a, b):\n    try:\n        return a / b\n    except ZeroDivisionError:\n        return \"Cannot divide by zero\"\n    except TypeError:\n        return \"Invalid input types, please enter numbers\"",
  "datasetId": "67c190dd5842d8ceb7edcb08",
  "runId": "8bba680f-4463-4d80-8b8a-d1df26cae790",
  "source": "Groundtruth",
  "context": "No context available"
},
{
  "_id": {
    "$oid": "67c1f9a3ec3a61c23312d287"
  },
  "question": "Convert this while loop into a for loop for better readability.",
  "answer": "def countdown(n):\n    for i in range(n, 0, -1):\n        print(i)",
  "datasetId": "67c190dd5842d8ceb7edcb08",
  "runId": "8bba680f-4463-4d80-8b8a-d1df26cae790",
  "source": "Groundtruth",
  "context": "No context available"
},
{
  "_id": {
    "$oid": "67c1f9a3ec3a61c23312d288"
  },
  "question": "Create a recursive function for factorial instead of iteration.",
  "answer": "def factorial(n):\n    if n == 0:\n        return 1\n    return n * factorial(n - 1)",
  "datasetId": "67c190dd5842d8ceb7edcb08",
  "runId": "8bba680f-4463-4d80-8b8a-d1df26cae790",
  "source": "Groundtruth",
  "context": "No context available"
},
{
  "_id": {
    "$oid": "67c1f9a3ec3a61c23312d289"
  },
  "question": "Implement quicksort algorithm using recursion and partitioning.",
  "answer": "Not Applicable",
  "datasetId": "67c190dd5842d8ceb7edcb08",
  "runId": "8bba680f-4463-4d80-8b8a-d1df26cae790",
  "source": "Groundtruth",
  "context": "No context available"
},
{
  "_id": {
    "$oid": "67c1f9a3ec3a61c23312d28a"
  },
  "question": "Find and fix the bug in the palindrome function to work correctly.",
  "answer": "def is_palindrome(s):\n    return s == s[::-1]",
  "datasetId": "67c190dd5842d8ceb7edcb08",
  "runId": "8bba680f-4463-4d80-8b8a-d1df26cae790",
  "source": "Groundtruth",
  "context": "No context available"
},
{
  "_id": {
    "$oid": "67c1f9a3ec3a61c23312d28b"
  },
  "question": "Enhance this class by adding a method to display car details.",
  "answer": "class Car:\n    def __init__(self, brand, model):\n        self.brand = brand\n        self.model = model\n\n    def display(self):\n        return f\"Car: {self.brand} {self.model}\"",
  "datasetId": "67c190dd5842d8ceb7edcb08",
  "runId": "8bba680f-4463-4d80-8b8a-d1df26cae790",
  "source": "Groundtruth",
  "context": "No context available"
},
{
  "_id": {
    "$oid": "67c1f9a3ec3a61c23312d28c"
  },
  "question": "Generate a Python function to check if a number is prime.",
  "answer": "Not Applicable",
  "datasetId": "67c190dd5842d8ceb7edcb08",
  "runId": "8bba680f-4463-4d80-8b8a-d1df26cae790",
  "source": "Groundtruth",
  "context": "No context available"
},
{
  "_id": {
    "$oid": "67c1f9a3ec3a61c23312d28d"
  },
  "question": "Rewrite this function using lambda expressions for conciseness.",
  "answer": "add = lambda a, b: a + b",
  "datasetId": "67c190dd5842d8ceb7edcb08",
  "runId": "8bba680f-4463-4d80-8b8a-d1df26cae790",
  "source": "Groundtruth",
  "context": "No context available"
},
{
  "_id": {
    "$oid": "67c1f9a3ec3a61c23312d28e"
  },
  "question": "Modify the class to include a method that calculates age.",
  "answer": "from datetime import datetime\n\nclass Person:\n    def __init__(self, name, birth_year):\n        self.name = name\n        self.birth_year = birth_year\n\n    def get_age(self):\n        current_year = datetime.now().year\n        return current_year - self.birth_year",
  "datasetId": "67c190dd5842d8ceb7edcb08",
  "runId": "8bba680f-4463-4d80-8b8a-d1df26cae790",
  "source": "Groundtruth",
  "context": "No context available"
}]