[{
  "_id": {
    "$oid": "67c190fe5842d8ceb7edcb1b"
  },
  "datasetId": "67c190dd5842d8ceb7edcb08",
  "question": "I need a Python script that can handle a large JSONL file containing user transactions efficiently. It should process transactions asynchronously, call an external API to check for fraud, and make sure transactions are correctly grouped by user and date while avoiding excessive memory usage. The results should be stored securely in an encrypted SQLite database, ensuring that sensitive data is protected. It also needs to handle API failures properly so that missing or failed responses don’t break the processing, and the whole thing should be optimized for performance when dealing with a high volume of transactions",
  "answer": "Not Applicable",
  "context": [
    "no context available"
  ],
  "source": "Uploaded",
  "runId": "7e25d1bd-b2e1-4c95-bf95-4bdb0d635c86"
},
{
  "_id": {
    "$oid": "67c190fe5842d8ceb7edcb1c"
  },
  "datasetId": "67c190dd5842d8ceb7edcb08",
  "question": "This script sometimes \nfails with an error when\n making requests. Fix it.",
  "answer": "import requests\nfrom bs4 import BeautifulSoup\nimport json\nimport time\n \ndef fetch_page(url):\n    \"\"\"Fetches the HTML content of a given URL.\"\"\"\n    response = requests.get(url)  \n    if response.status_code == 200:\n        return response.text\n    return None\n \ndef parse_titles(html):\n    \"\"\"Parses and extracts article titles from the HTML content.\"\"\"\n    soup = BeautifulSoup(html, 'html.parser')\n    titles = []\n    articles = soup.find_all('h2')\n    for article in articles:\n        titles.append(article.get_text())\n \n\n    articles = soup.find_all('h2')  \n    for article in articles:\n        titles.append(article.get_text())  \n \n    return titles\n \ndef fetch_and_parse(url):\n    \"\"\"Fetches a webpage and extracts titles.\"\"\"\n    html = fetch_page(url)\n    if html:\n        return parse_titles(html)\n    return []\n \ndef save_results(data, filename=\"results.json\"):\n    \"\"\"Saves extracted titles to a JSON file.\"\"\"\n    with open(filename, \"w\") as file:\n        json.dump(data, file, indent=4)\n \ndef main():\n    url = \"https://example.com/articles\"\n    articles = fetch_and_parse(url)\n \n    \n    articles_extra = fetch_and_parse(url)  \n    articles.extend(articles_extra)  \n \n    save_results(articles)\n    print(\"Scraping completed. Results saved.\")\n \nif __name__ == \"__main__\":\n    main()",
  "context": [
    "no context available"
  ],
  "source": "Uploaded",
  "runId": "7e25d1bd-b2e1-4c95-bf95-4bdb0d635c86"
},
{
  "_id": {
    "$oid": "67c190fe5842d8ceb7edcb1d"
  },
  "datasetId": "67c190dd5842d8ceb7edcb08",
  "question": "I need to override the process method in SubClass. \nThe overridden method should fully respect and reuse the logic from the base class without modifying its behavior. \nPlease ensure there is no redundant or unnecessary operations—just an efficient extension of the base functionality. \nThe subclass should not introduce additional computations like adding extra values to the result unless explicitly needed for the extension.",
  "answer": "Not Applicable",
  "context": [
    "no context available"
  ],
  "source": "Uploaded",
  "runId": "7e25d1bd-b2e1-4c95-bf95-4bdb0d635c86"
},
{
  "_id": {
    "$oid": "67c190fe5842d8ceb7edcb1e"
  },
  "datasetId": "67c190dd5842d8ceb7edcb08",
  "question": "I need a Python script to manage insurance policyholder records. It should store details like the policyholder’s name, policy number, premium amount, and a unique reference code. The records should be sortable by name and displayed in a structured format.",
  "answer": "Not Applicable",
  "context": [
    "no context available"
  ],
  "source": "Uploaded",
  "runId": "7e25d1bd-b2e1-4c95-bf95-4bdb0d635c86"
},
{
  "_id": {
    "$oid": "67c1f9a4ec3a61c23312d290"
  },
  "datasetId": "67c190dd5842d8ceb7edcb08",
  "question": "Fix the syntax error and ensure the function runs properly.",
  "answer": "def greet():\n    message = \"Hello  \n    return message",
  "context": [
    "no context available"
  ],
  "source": "Uploaded",
  "runId": "8bba680f-4463-4d80-8b8a-d1df26cae790"
},
{
  "_id": {
    "$oid": "67c1f9a4ec3a61c23312d291"
  },
  "datasetId": "67c190dd5842d8ceb7edcb08",
  "question": "Optimize this loop by using list comprehension instead.",
  "answer": "def find_even_numbers(nums):\n    evens = []\n    for num in nums:\n        if num % 2 == 0:\n            evens.append(num)\n    return evens",
  "context": [
    "no context available"
  ],
  "source": "Uploaded",
  "runId": "8bba680f-4463-4d80-8b8a-d1df26cae790"
},
{
  "_id": {
    "$oid": "67c1f9a4ec3a61c23312d292"
  },
  "datasetId": "67c190dd5842d8ceb7edcb08",
  "question": "Modify the function to handle both squares and circles.",
  "answer": "def calculate_area(shape, width, height=0):\n    if shape == \"square\":\n        return width * width\n    elif shape == \"rectangle\":\n        return width * height\n    else:\n        return None",
  "context": [
    "no context available"
  ],
  "source": "Uploaded",
  "runId": "8bba680f-4463-4d80-8b8a-d1df26cae790"
},
{
  "_id": {
    "$oid": "67c1f9a4ec3a61c23312d293"
  },
  "datasetId": "67c190dd5842d8ceb7edcb08",
  "question": "Improve indentation and ensure the return statement is correctly aligned.",
  "answer": "def sum_numbers(nums):\nresult = 0\nfor num in nums:\nresult += num\nreturn result",
  "context": [
    "no context available"
  ],
  "source": "Uploaded",
  "runId": "8bba680f-4463-4d80-8b8a-d1df26cae790"
},
{
  "_id": {
    "$oid": "67c1f9a4ec3a61c23312d294"
  },
  "datasetId": "67c190dd5842d8ceb7edcb08",
  "question": "Add exception handling for division errors and invalid inputs.",
  "answer": "def divide(a, b):\n    return a / b",
  "context": [
    "no context available"
  ],
  "source": "Uploaded",
  "runId": "8bba680f-4463-4d80-8b8a-d1df26cae790"
},
{
  "_id": {
    "$oid": "67c1f9a4ec3a61c23312d295"
  },
  "datasetId": "67c190dd5842d8ceb7edcb08",
  "question": "Convert this while loop into a for loop for better readability.",
  "answer": "def countdown(n):\n    while n > 0:\n        print(n)\n        n -= 1",
  "context": [
    "no context available"
  ],
  "source": "Uploaded",
  "runId": "8bba680f-4463-4d80-8b8a-d1df26cae790"
},
{
  "_id": {
    "$oid": "67c1f9a4ec3a61c23312d296"
  },
  "datasetId": "67c190dd5842d8ceb7edcb08",
  "question": "Create a recursive function for factorial instead of iteration.",
  "answer": "def factorial(n):\n    result = 1\n    for i in range(1, n + 1):\n        result *= i\n    return result",
  "context": [
    "no context available"
  ],
  "source": "Uploaded",
  "runId": "8bba680f-4463-4d80-8b8a-d1df26cae790"
},
{
  "_id": {
    "$oid": "67c1f9a4ec3a61c23312d297"
  },
  "datasetId": "67c190dd5842d8ceb7edcb08",
  "question": "Implement quicksort algorithm using recursion and partitioning.",
  "answer": "Not Applicable",
  "context": [
    "no context available"
  ],
  "source": "Uploaded",
  "runId": "8bba680f-4463-4d80-8b8a-d1df26cae790"
},
{
  "_id": {
    "$oid": "67c1f9a4ec3a61c23312d298"
  },
  "datasetId": "67c190dd5842d8ceb7edcb08",
  "question": "Find and fix the bug in the palindrome function to work correctly.",
  "answer": "def is_palindrome(s):\n    return s == s.reverse()",
  "context": [
    "no context available"
  ],
  "source": "Uploaded",
  "runId": "8bba680f-4463-4d80-8b8a-d1df26cae790"
},
{
  "_id": {
    "$oid": "67c1f9a4ec3a61c23312d299"
  },
  "datasetId": "67c190dd5842d8ceb7edcb08",
  "question": "Enhance this class by adding a method to display car details.",
  "answer": "class Car:\n    def __init__(self, brand, model):\n        self.brand = brand\n        self.model = model",
  "context": [
    "no context available"
  ],
  "source": "Uploaded",
  "runId": "8bba680f-4463-4d80-8b8a-d1df26cae790"
},
{
  "_id": {
    "$oid": "67c1f9a4ec3a61c23312d29a"
  },
  "datasetId": "67c190dd5842d8ceb7edcb08",
  "question": "Generate a Python function to check if a number is prime.",
  "answer": "Not Applicable",
  "context": [
    "no context available"
  ],
  "source": "Uploaded",
  "runId": "8bba680f-4463-4d80-8b8a-d1df26cae790"
},
{
  "_id": {
    "$oid": "67c1f9a4ec3a61c23312d29b"
  },
  "datasetId": "67c190dd5842d8ceb7edcb08",
  "question": "Rewrite this function using lambda expressions for conciseness.",
  "answer": "def add(a, b):\n    return a + b",
  "context": [
    "no context available"
  ],
  "source": "Uploaded",
  "runId": "8bba680f-4463-4d80-8b8a-d1df26cae790"
},
{
  "_id": {
    "$oid": "67c1f9a4ec3a61c23312d29c"
  },
  "datasetId": "67c190dd5842d8ceb7edcb08",
  "question": "Modify the class to include a method that calculates age.",
  "answer": "class Person:\n    def __init__(self, name, birth_year):\n        self.name = name\n        self.birth_year = birth_year",
  "context": [
    "no context available"
  ],
  "source": "Uploaded",
  "runId": "8bba680f-4463-4d80-8b8a-d1df26cae790"
}]