[{
  "_id": {
    "$oid": "67c190fe5842d8ceb7edcb1b"
  },
  "datasetId": "67c190dd5842d8ceb7edcb08",
  "question": "I need a Python script that can handle a large JSONL file containing user transactions efficiently. It should process transactions asynchronously, call an external API to check for fraud, and make sure transactions are correctly grouped by user and date while avoiding excessive memory usage. The results should be stored securely in an encrypted SQLite database, ensuring that sensitive data is protected. It also needs to handle API failures properly so that missing or failed responses don’t break the processing, and the whole thing should be optimized for performance when dealing with a high volume of transactions",
  "answer": "Not Applicable",
  "context": [
    "no context available"
  ],
  "source": "Uploaded",
  "runId": "7e25d1bd-b2e1-4c95-bf95-4bdb0d635c86"
},
{
  "_id": {
    "$oid": "67c190fe5842d8ceb7edcb1c"
  },
  "datasetId": "67c190dd5842d8ceb7edcb08",
  "question": "This script sometimes \nfails with an error when\n making requests. Fix it.",
  "answer": "import requests\nfrom bs4 import BeautifulSoup\nimport json\nimport time\n \ndef fetch_page(url):\n    \"\"\"Fetches the HTML content of a given URL.\"\"\"\n    response = requests.get(url)  \n    if response.status_code == 200:\n        return response.text\n    return None\n \ndef parse_titles(html):\n    \"\"\"Parses and extracts article titles from the HTML content.\"\"\"\n    soup = BeautifulSoup(html, 'html.parser')\n    titles = []\n    articles = soup.find_all('h2')\n    for article in articles:\n        titles.append(article.get_text())\n \n\n    articles = soup.find_all('h2')  \n    for article in articles:\n        titles.append(article.get_text())  \n \n    return titles\n \ndef fetch_and_parse(url):\n    \"\"\"Fetches a webpage and extracts titles.\"\"\"\n    html = fetch_page(url)\n    if html:\n        return parse_titles(html)\n    return []\n \ndef save_results(data, filename=\"results.json\"):\n    \"\"\"Saves extracted titles to a JSON file.\"\"\"\n    with open(filename, \"w\") as file:\n        json.dump(data, file, indent=4)\n \ndef main():\n    url = \"https://example.com/articles\"\n    articles = fetch_and_parse(url)\n \n    \n    articles_extra = fetch_and_parse(url)  \n    articles.extend(articles_extra)  \n \n    save_results(articles)\n    print(\"Scraping completed. Results saved.\")\n \nif __name__ == \"__main__\":\n    main()",
  "context": [
    "no context available"
  ],
  "source": "Uploaded",
  "runId": "7e25d1bd-b2e1-4c95-bf95-4bdb0d635c86"
},
{
  "_id": {
    "$oid": "67c190fe5842d8ceb7edcb1d"
  },
  "datasetId": "67c190dd5842d8ceb7edcb08",
  "question": "I need to override the process method in SubClass. \nThe overridden method should fully respect and reuse the logic from the base class without modifying its behavior. \nPlease ensure there is no redundant or unnecessary operations—just an efficient extension of the base functionality. \nThe subclass should not introduce additional computations like adding extra values to the result unless explicitly needed for the extension.",
  "answer": "Not Applicable",
  "context": [
    "no context available"
  ],
  "source": "Uploaded",
  "runId": "7e25d1bd-b2e1-4c95-bf95-4bdb0d635c86"
},
{
  "_id": {
    "$oid": "67c190fe5842d8ceb7edcb1e"
  },
  "datasetId": "67c190dd5842d8ceb7edcb08",
  "question": "I need a Python script to manage insurance policyholder records. It should store details like the policyholder’s name, policy number, premium amount, and a unique reference code. The records should be sortable by name and displayed in a structured format.",
  "answer": "Not Applicable",
  "context": [
    "no context available"
  ],
  "source": "Uploaded",
  "runId": "7e25d1bd-b2e1-4c95-bf95-4bdb0d635c86"
}]