{
"user_input_summary": [
{
  "query": "What might happen if the system malfunctions?",
  "summary": "The user's response highlights potential risks related to inaccurate ticket information and the revelation of sensitive data in case of a malfunction. This could raise concerns under data protection laws like GDPR and HIPAA.",
  "article_laws": [
    {
      "law": "GDPR",
      "article": "Article 5",
      "title": "Principles relating to processing of personal data",
      "description": "This article outlines the principles for lawful processing of personal data, ensuring it is processed securely and accurately.",
      "reason": "If sensitive user information is exposed or inaccurate due to system malfunctions, it may violate the principles of data accuracy and security outlined in GDPR."
    },
    {
      "law": "GDPR",
      "article": "Article 32",
      "title": "Security of processing",
      "description": "Requires data controllers to implement appropriate technical and organizational measures to ensure a high level of security for personal data.",
      "reason": "A malfunction that leads to the exposure of sensitive information could be seen as a failure to implement adequate security measures."
    },
    {
      "law": "HIPAA",
      "article": "164.502",
      "title": "Uses and disclosures of protected health information (PHI)",
      "description": "This article regulates the permissible uses and disclosures of PHI by covered entities.",
      "reason": "If the system deals with sensitive health-related information, any malfunction that exposes PHI could lead to a breach of HIPAA compliance."
    },
    {
      "law": "EUAI",
      "article": "Article 7",
      "title": "Transparency and accountability",
      "description": "Requires organizations to ensure transparency and accountability in automated decision-making processes.",
      "reason": "If automated processes in the system malfunction, transparency about how personal data is used and protected may be compromised."
    }
  ]
}
]
}